GROUP,PACKAGE,CLASS,INSTRUCTION_MISSED,INSTRUCTION_COVERED,BRANCH_MISSED,BRANCH_COVERED,LINE_MISSED,LINE_COVERED,COMPLEXITY_MISSED,COMPLEXITY_COVERED,METHOD_MISSED,METHOD_COVERED
TP1 - Currency Converter,edu.itba.class1.exchange,CurrencyConverter,0,168,0,4,0,32,0,10,0,8
TP1 - Currency Converter,edu.itba.class1.exchange,ConversionDetail,0,9,0,0,0,1,0,1,0,1
TP1 - Currency Converter,edu.itba.class1.exchange,CurrencyExchangeException,0,9,0,0,0,4,0,2,0,2
TP1 - Currency Converter,edu.itba.class1.exchange,CurrencyExchangeConnectionException,0,5,0,0,0,2,0,1,0,1
TP1 - Currency Converter,edu.itba.class1.exchange,ExchangeRate,0,15,0,0,0,1,0,1,0,1
TP1 - Currency Converter,edu.itba.class1.exchange,UnknownCurrencyException,0,12,0,0,0,4,0,2,0,2
TP1 - Currency Converter,edu.itba.class1.exchange,FreeCurrencyApiExchangeRateProvider,0,285,0,18,0,62,0,21,0,12
TP1 - Currency Converter,edu.itba.class1.exchange,CurrencyExchangeApiException,0,16,0,0,0,6,0,3,0,3
TP1 - Currency Converter,edu.itba.class1.exchange,MoneyAmount,0,34,0,0,0,7,0,4,0,4
TP1 - Currency Converter,edu.itba.class1.exchange,ConversionResult,0,31,0,2,0,4,0,3,0,2
